-- Inventory items + recipe mappings + menu items
BEGIN;
-- menu_items
INSERT INTO menu_items (menu_item_id, name, category, base_price, is_active) VALUES (1, 'Classic Milk Tea', 'Milk Tea', 4.75, TRUE);
INSERT INTO menu_items (menu_item_id, name, category, base_price, is_active) VALUES (2, 'Taro Milk Tea', 'Milk Tea', 5.25, TRUE);
INSERT INTO menu_items (menu_item_id, name, category, base_price, is_active) VALUES (3, 'Thai Tea', 'Milk Tea', 5.00, TRUE);
INSERT INTO menu_items (menu_item_id, name, category, base_price, is_active) VALUES (4, 'Jasmine Green Tea', 'Brewed Tea', 3.75, TRUE);
INSERT INTO menu_items (menu_item_id, name, category, base_price, is_active) VALUES (5, 'Oolong Tea', 'Brewed Tea', 3.75, TRUE);
INSERT INTO menu_items (menu_item_id, name, category, base_price, is_active) VALUES (6, 'Wintermelon Tea', 'Fruit Tea', 4.50, TRUE);
INSERT INTO menu_items (menu_item_id, name, category, base_price, is_active) VALUES (7, 'Mango Green Tea', 'Fruit Tea', 5.25, TRUE);
INSERT INTO menu_items (menu_item_id, name, category, base_price, is_active) VALUES (8, 'Strawberry Tea', 'Fruit Tea', 5.25, TRUE);
INSERT INTO menu_items (menu_item_id, name, category, base_price, is_active) VALUES (9, 'Passion Fruit Tea', 'Fruit Tea', 5.00, TRUE);
INSERT INTO menu_items (menu_item_id, name, category, base_price, is_active) VALUES (10, 'Brown Sugar Boba Milk', 'Specialty', 5.75, TRUE);
INSERT INTO menu_items (menu_item_id, name, category, base_price, is_active) VALUES (11, 'Matcha Latte', 'Specialty', 5.75, TRUE);
INSERT INTO menu_items (menu_item_id, name, category, base_price, is_active) VALUES (12, 'Honey Lemon Tea', 'Fruit Tea', 4.75, TRUE);
INSERT INTO menu_items (menu_item_id, name, category, base_price, is_active) VALUES (13, 'Lychee Tea', 'Fruit Tea', 5.00, TRUE);
INSERT INTO menu_items (menu_item_id, name, category, base_price, is_active) VALUES (14, 'Peach Oolong Tea', 'Fruit Tea', 5.25, TRUE);
INSERT INTO menu_items (menu_item_id, name, category, base_price, is_active) VALUES (15, 'Brown Sugar Milk Tea', 'Milk Tea', 5.50, TRUE);
INSERT INTO menu_items (menu_item_id, name, category, base_price, is_active) VALUES (16, 'Mango Milk Tea', 'Milk Tea', 5.50, TRUE);
INSERT INTO menu_items (menu_item_id, name, category, base_price, is_active) VALUES (17, 'Strawberry Milk Tea', 'Milk Tea', 5.50, TRUE);
INSERT INTO menu_items (menu_item_id, name, category, base_price, is_active) VALUES (18, 'Honeydew Milk Tea', 'Milk Tea', 5.50, TRUE);
INSERT INTO menu_items (menu_item_id, name, category, base_price, is_active) VALUES (19, 'Wintermelon Milk Tea', 'Milk Tea', 5.50, TRUE);
INSERT INTO menu_items (menu_item_id, name, category, base_price, is_active) VALUES (20, 'Grape Chia', 'Milk Tea', 5.50, TRUE);
INSERT INTO menu_items (menu_item_id, name, category, base_price, is_active) VALUES (21, 'Passion Fruit', 'Milk Tea', 5.50, TRUE);
INSERT INTO menu_items (menu_item_id, name, category, base_price, is_active) VALUES (22, 'Oolong Milk Tea', 'Milk Tea', 5.50, TRUE);
INSERT INTO menu_items (menu_item_id, name, category, base_price, is_active) VALUES (23, 'Honey Lemon Milk Tea', 'Milk Tea', 5.50, TRUE);
INSERT INTO menu_items (menu_item_id, name, category, base_price, is_active) VALUES (24, 'Peach Milk Tea', 'Milk Tea', 5.50, TRUE);

-- inventory_items
INSERT INTO inventory_items (inventory_item_id, name, unit, par_level, reorder_point, is_active) VALUES (1, 'Black tea leaves', 'g', 20000, 8000, TRUE);
INSERT INTO inventory_items (inventory_item_id, name, unit, par_level, reorder_point, is_active) VALUES (2, 'Jasmine green tea leaves', 'g', 15000, 6000, TRUE);
INSERT INTO inventory_items (inventory_item_id, name, unit, par_level, reorder_point, is_active) VALUES (3, 'Oolong tea leaves', 'g', 15000, 6000, TRUE);
INSERT INTO inventory_items (inventory_item_id, name, unit, par_level, reorder_point, is_active) VALUES (4, 'Thai tea mix', 'g', 12000, 5000, TRUE);
INSERT INTO inventory_items (inventory_item_id, name, unit, par_level, reorder_point, is_active) VALUES (5, 'Milk', 'ml', 200000, 80000, TRUE);
INSERT INTO inventory_items (inventory_item_id, name, unit, par_level, reorder_point, is_active) VALUES (6, 'Non-dairy creamer', 'g', 30000, 12000, TRUE);
INSERT INTO inventory_items (inventory_item_id, name, unit, par_level, reorder_point, is_active) VALUES (7, 'Sugar syrup', 'ml', 120000, 50000, TRUE);
INSERT INTO inventory_items (inventory_item_id, name, unit, par_level, reorder_point, is_active) VALUES (8, 'Brown sugar syrup', 'ml', 80000, 35000, TRUE);
INSERT INTO inventory_items (inventory_item_id, name, unit, par_level, reorder_point, is_active) VALUES (9, 'Taro powder', 'g', 15000, 6000, TRUE);
INSERT INTO inventory_items (inventory_item_id, name, unit, par_level, reorder_point, is_active) VALUES (10, 'Matcha powder', 'g', 8000, 3000, TRUE);
INSERT INTO inventory_items (inventory_item_id, name, unit, par_level, reorder_point, is_active) VALUES (11, 'Honey', 'ml', 30000, 12000, TRUE);
INSERT INTO inventory_items (inventory_item_id, name, unit, par_level, reorder_point, is_active) VALUES (12, 'Lemon juice', 'ml', 25000, 10000, TRUE);
INSERT INTO inventory_items (inventory_item_id, name, unit, par_level, reorder_point, is_active) VALUES (13, 'Wintermelon syrup', 'ml', 40000, 16000, TRUE);
INSERT INTO inventory_items (inventory_item_id, name, unit, par_level, reorder_point, is_active) VALUES (14, 'Mango syrup', 'ml', 35000, 14000, TRUE);
INSERT INTO inventory_items (inventory_item_id, name, unit, par_level, reorder_point, is_active) VALUES (15, 'Strawberry syrup', 'ml', 35000, 14000, TRUE);
INSERT INTO inventory_items (inventory_item_id, name, unit, par_level, reorder_point, is_active) VALUES (16, 'Passion fruit syrup', 'ml', 35000, 14000, TRUE);
INSERT INTO inventory_items (inventory_item_id, name, unit, par_level, reorder_point, is_active) VALUES (17, 'Lychee syrup', 'ml', 25000, 10000, TRUE);
INSERT INTO inventory_items (inventory_item_id, name, unit, par_level, reorder_point, is_active) VALUES (18, 'Peach syrup', 'ml', 25000, 10000, TRUE);
INSERT INTO inventory_items (inventory_item_id, name, unit, par_level, reorder_point, is_active) VALUES (19, 'Honeydew syrup', 'ml', 25000, 10000, TRUE);
INSERT INTO inventory_items (inventory_item_id, name, unit, par_level, reorder_point, is_active) VALUES (20, 'Grape syrup', 'ml', 25000, 10000, TRUE);
INSERT INTO inventory_items (inventory_item_id, name, unit, par_level, reorder_point, is_active) VALUES (21, 'Chia seeds', 'g', 8000, 3000, TRUE);
INSERT INTO inventory_items (inventory_item_id, name, unit, par_level, reorder_point, is_active) VALUES (22, 'Tapioca pearls (boba)', 'g', 50000, 20000, TRUE);
INSERT INTO inventory_items (inventory_item_id, name, unit, par_level, reorder_point, is_active) VALUES (23, 'Ice', 'g', 300000, 120000, TRUE);
INSERT INTO inventory_items (inventory_item_id, name, unit, par_level, reorder_point, is_active) VALUES (24, 'Water', 'ml', 1000000, 400000, TRUE);
INSERT INTO inventory_items (inventory_item_id, name, unit, par_level, reorder_point, is_active) VALUES (25, '16oz cup', 'each', 4000, 1500, TRUE);
INSERT INTO inventory_items (inventory_item_id, name, unit, par_level, reorder_point, is_active) VALUES (26, '24oz cup', 'each', 3000, 1200, TRUE);
INSERT INTO inventory_items (inventory_item_id, name, unit, par_level, reorder_point, is_active) VALUES (27, 'Flat lid', 'each', 4500, 1700, TRUE);
INSERT INTO inventory_items (inventory_item_id, name, unit, par_level, reorder_point, is_active) VALUES (28, 'Dome lid', 'each', 2500, 900, TRUE);
INSERT INTO inventory_items (inventory_item_id, name, unit, par_level, reorder_point, is_active) VALUES (29, 'Wide straw', 'each', 6000, 2500, TRUE);
INSERT INTO inventory_items (inventory_item_id, name, unit, par_level, reorder_point, is_active) VALUES (30, 'Regular straw', 'each', 5000, 2000, TRUE);
INSERT INTO inventory_items (inventory_item_id, name, unit, par_level, reorder_point, is_active) VALUES (31, 'Napkin', 'each', 12000, 5000, TRUE);
INSERT INTO inventory_items (inventory_item_id, name, unit, par_level, reorder_point, is_active) VALUES (32, 'Carry bag', 'each', 3000, 1200, TRUE);

-- menu_item_ingredients
INSERT INTO menu_item_ingredients (menu_item_id, inventory_item_id, qty_per_item) VALUES (1, 23, 250);
INSERT INTO menu_item_ingredients (menu_item_id, inventory_item_id, qty_per_item) VALUES (1, 24, 350);
INSERT INTO menu_item_ingredients (menu_item_id, inventory_item_id, qty_per_item) VALUES (1, 5, 220);
INSERT INTO menu_item_ingredients (menu_item_id, inventory_item_id, qty_per_item) VALUES (1, 6, 15);
INSERT INTO menu_item_ingredients (menu_item_id, inventory_item_id, qty_per_item) VALUES (1, 7, 25);
INSERT INTO menu_item_ingredients (menu_item_id, inventory_item_id, qty_per_item) VALUES (1, 1, 10);
INSERT INTO menu_item_ingredients (menu_item_id, inventory_item_id, qty_per_item) VALUES (2, 23, 250);
INSERT INTO menu_item_ingredients (menu_item_id, inventory_item_id, qty_per_item) VALUES (2, 24, 350);
INSERT INTO menu_item_ingredients (menu_item_id, inventory_item_id, qty_per_item) VALUES (2, 5, 220);
INSERT INTO menu_item_ingredients (menu_item_id, inventory_item_id, qty_per_item) VALUES (2, 6, 15);
INSERT INTO menu_item_ingredients (menu_item_id, inventory_item_id, qty_per_item) VALUES (2, 7, 25);
INSERT INTO menu_item_ingredients (menu_item_id, inventory_item_id, qty_per_item) VALUES (2, 1, 8);
INSERT INTO menu_item_ingredients (menu_item_id, inventory_item_id, qty_per_item) VALUES (2, 9, 25);
INSERT INTO menu_item_ingredients (menu_item_id, inventory_item_id, qty_per_item) VALUES (3, 23, 250);
INSERT INTO menu_item_ingredients (menu_item_id, inventory_item_id, qty_per_item) VALUES (3, 24, 350);
INSERT INTO menu_item_ingredients (menu_item_id, inventory_item_id, qty_per_item) VALUES (3, 5, 220);
INSERT INTO menu_item_ingredients (menu_item_id, inventory_item_id, qty_per_item) VALUES (3, 6, 15);
INSERT INTO menu_item_ingredients (menu_item_id, inventory_item_id, qty_per_item) VALUES (3, 7, 25);
INSERT INTO menu_item_ingredients (menu_item_id, inventory_item_id, qty_per_item) VALUES (3, 4, 10);
INSERT INTO menu_item_ingredients (menu_item_id, inventory_item_id, qty_per_item) VALUES (4, 23, 250);
INSERT INTO menu_item_ingredients (menu_item_id, inventory_item_id, qty_per_item) VALUES (4, 24, 350);
INSERT INTO menu_item_ingredients (menu_item_id, inventory_item_id, qty_per_item) VALUES (4, 7, 20);
INSERT INTO menu_item_ingredients (menu_item_id, inventory_item_id, qty_per_item) VALUES (4, 2, 10);
INSERT INTO menu_item_ingredients (menu_item_id, inventory_item_id, qty_per_item) VALUES (5, 23, 250);
INSERT INTO menu_item_ingredients (menu_item_id, inventory_item_id, qty_per_item) VALUES (5, 24, 350);
INSERT INTO menu_item_ingredients (menu_item_id, inventory_item_id, qty_per_item) VALUES (5, 7, 20);
INSERT INTO menu_item_ingredients (menu_item_id, inventory_item_id, qty_per_item) VALUES (5, 3, 10);
INSERT INTO menu_item_ingredients (menu_item_id, inventory_item_id, qty_per_item) VALUES (6, 23, 250);
INSERT INTO menu_item_ingredients (menu_item_id, inventory_item_id, qty_per_item) VALUES (6, 24, 350);
INSERT INTO menu_item_ingredients (menu_item_id, inventory_item_id, qty_per_item) VALUES (6, 7, 20);
INSERT INTO menu_item_ingredients (menu_item_id, inventory_item_id, qty_per_item) VALUES (6, 1, 10);
INSERT INTO menu_item_ingredients (menu_item_id, inventory_item_id, qty_per_item) VALUES (6, 13, 25);
INSERT INTO menu_item_ingredients (menu_item_id, inventory_item_id, qty_per_item) VALUES (7, 23, 250);
INSERT INTO menu_item_ingredients (menu_item_id, inventory_item_id, qty_per_item) VALUES (7, 24, 350);
INSERT INTO menu_item_ingredients (menu_item_id, inventory_item_id, qty_per_item) VALUES (7, 7, 20);
INSERT INTO menu_item_ingredients (menu_item_id, inventory_item_id, qty_per_item) VALUES (7, 2, 10);
INSERT INTO menu_item_ingredients (menu_item_id, inventory_item_id, qty_per_item) VALUES (7, 14, 25);
INSERT INTO menu_item_ingredients (menu_item_id, inventory_item_id, qty_per_item) VALUES (8, 23, 250);
INSERT INTO menu_item_ingredients (menu_item_id, inventory_item_id, qty_per_item) VALUES (8, 24, 350);
INSERT INTO menu_item_ingredients (menu_item_id, inventory_item_id, qty_per_item) VALUES (8, 7, 20);
INSERT INTO menu_item_ingredients (menu_item_id, inventory_item_id, qty_per_item) VALUES (8, 1, 10);
INSERT INTO menu_item_ingredients (menu_item_id, inventory_item_id, qty_per_item) VALUES (8, 15, 25);
INSERT INTO menu_item_ingredients (menu_item_id, inventory_item_id, qty_per_item) VALUES (9, 23, 250);
INSERT INTO menu_item_ingredients (menu_item_id, inventory_item_id, qty_per_item) VALUES (9, 24, 350);
INSERT INTO menu_item_ingredients (menu_item_id, inventory_item_id, qty_per_item) VALUES (9, 7, 20);
INSERT INTO menu_item_ingredients (menu_item_id, inventory_item_id, qty_per_item) VALUES (9, 1, 10);
INSERT INTO menu_item_ingredients (menu_item_id, inventory_item_id, qty_per_item) VALUES (9, 16, 25);
INSERT INTO menu_item_ingredients (menu_item_id, inventory_item_id, qty_per_item) VALUES (10, 23, 250);
INSERT INTO menu_item_ingredients (menu_item_id, inventory_item_id, qty_per_item) VALUES (10, 24, 350);
INSERT INTO menu_item_ingredients (menu_item_id, inventory_item_id, qty_per_item) VALUES (10, 5, 220);
INSERT INTO menu_item_ingredients (menu_item_id, inventory_item_id, qty_per_item) VALUES (10, 6, 15);
INSERT INTO menu_item_ingredients (menu_item_id, inventory_item_id, qty_per_item) VALUES (10, 7, 25);
INSERT INTO menu_item_ingredients (menu_item_id, inventory_item_id, qty_per_item) VALUES (10, 1, 10);
INSERT INTO menu_item_ingredients (menu_item_id, inventory_item_id, qty_per_item) VALUES (10, 8, 30);
INSERT INTO menu_item_ingredients (menu_item_id, inventory_item_id, qty_per_item) VALUES (10, 22, 80);
INSERT INTO menu_item_ingredients (menu_item_id, inventory_item_id, qty_per_item) VALUES (11, 23, 250);
INSERT INTO menu_item_ingredients (menu_item_id, inventory_item_id, qty_per_item) VALUES (11, 24, 350);
INSERT INTO menu_item_ingredients (menu_item_id, inventory_item_id, qty_per_item) VALUES (11, 5, 220);
INSERT INTO menu_item_ingredients (menu_item_id, inventory_item_id, qty_per_item) VALUES (11, 6, 15);
INSERT INTO menu_item_ingredients (menu_item_id, inventory_item_id, qty_per_item) VALUES (11, 7, 25);
INSERT INTO menu_item_ingredients (menu_item_id, inventory_item_id, qty_per_item) VALUES (11, 10, 6);
INSERT INTO menu_item_ingredients (menu_item_id, inventory_item_id, qty_per_item) VALUES (12, 23, 250);
INSERT INTO menu_item_ingredients (menu_item_id, inventory_item_id, qty_per_item) VALUES (12, 24, 350);
INSERT INTO menu_item_ingredients (menu_item_id, inventory_item_id, qty_per_item) VALUES (12, 7, 20);
INSERT INTO menu_item_ingredients (menu_item_id, inventory_item_id, qty_per_item) VALUES (12, 1, 10);
INSERT INTO menu_item_ingredients (menu_item_id, inventory_item_id, qty_per_item) VALUES (12, 11, 20);
INSERT INTO menu_item_ingredients (menu_item_id, inventory_item_id, qty_per_item) VALUES (12, 12, 20);
INSERT INTO menu_item_ingredients (menu_item_id, inventory_item_id, qty_per_item) VALUES (13, 23, 250);
INSERT INTO menu_item_ingredients (menu_item_id, inventory_item_id, qty_per_item) VALUES (13, 24, 350);
INSERT INTO menu_item_ingredients (menu_item_id, inventory_item_id, qty_per_item) VALUES (13, 7, 20);
INSERT INTO menu_item_ingredients (menu_item_id, inventory_item_id, qty_per_item) VALUES (13, 1, 10);
INSERT INTO menu_item_ingredients (menu_item_id, inventory_item_id, qty_per_item) VALUES (13, 17, 25);
INSERT INTO menu_item_ingredients (menu_item_id, inventory_item_id, qty_per_item) VALUES (14, 23, 250);
INSERT INTO menu_item_ingredients (menu_item_id, inventory_item_id, qty_per_item) VALUES (14, 24, 350);
INSERT INTO menu_item_ingredients (menu_item_id, inventory_item_id, qty_per_item) VALUES (14, 7, 20);
INSERT INTO menu_item_ingredients (menu_item_id, inventory_item_id, qty_per_item) VALUES (14, 3, 10);
INSERT INTO menu_item_ingredients (menu_item_id, inventory_item_id, qty_per_item) VALUES (14, 18, 25);
INSERT INTO menu_item_ingredients (menu_item_id, inventory_item_id, qty_per_item) VALUES (15, 23, 250);
INSERT INTO menu_item_ingredients (menu_item_id, inventory_item_id, qty_per_item) VALUES (15, 24, 350);
INSERT INTO menu_item_ingredients (menu_item_id, inventory_item_id, qty_per_item) VALUES (15, 5, 220);
INSERT INTO menu_item_ingredients (menu_item_id, inventory_item_id, qty_per_item) VALUES (15, 6, 15);
INSERT INTO menu_item_ingredients (menu_item_id, inventory_item_id, qty_per_item) VALUES (15, 7, 25);
INSERT INTO menu_item_ingredients (menu_item_id, inventory_item_id, qty_per_item) VALUES (15, 1, 10);
INSERT INTO menu_item_ingredients (menu_item_id, inventory_item_id, qty_per_item) VALUES (15, 8, 30);
INSERT INTO menu_item_ingredients (menu_item_id, inventory_item_id, qty_per_item) VALUES (15, 22, 80);
INSERT INTO menu_item_ingredients (menu_item_id, inventory_item_id, qty_per_item) VALUES (16, 23, 250);
INSERT INTO menu_item_ingredients (menu_item_id, inventory_item_id, qty_per_item) VALUES (16, 24, 350);
INSERT INTO menu_item_ingredients (menu_item_id, inventory_item_id, qty_per_item) VALUES (16, 5, 220);
INSERT INTO menu_item_ingredients (menu_item_id, inventory_item_id, qty_per_item) VALUES (16, 6, 15);
INSERT INTO menu_item_ingredients (menu_item_id, inventory_item_id, qty_per_item) VALUES (16, 7, 25);
INSERT INTO menu_item_ingredients (menu_item_id, inventory_item_id, qty_per_item) VALUES (16, 1, 10);
INSERT INTO menu_item_ingredients (menu_item_id, inventory_item_id, qty_per_item) VALUES (16, 14, 20);
INSERT INTO menu_item_ingredients (menu_item_id, inventory_item_id, qty_per_item) VALUES (17, 23, 250);
INSERT INTO menu_item_ingredients (menu_item_id, inventory_item_id, qty_per_item) VALUES (17, 24, 350);
INSERT INTO menu_item_ingredients (menu_item_id, inventory_item_id, qty_per_item) VALUES (17, 5, 220);
INSERT INTO menu_item_ingredients (menu_item_id, inventory_item_id, qty_per_item) VALUES (17, 6, 15);
INSERT INTO menu_item_ingredients (menu_item_id, inventory_item_id, qty_per_item) VALUES (17, 7, 25);
INSERT INTO menu_item_ingredients (menu_item_id, inventory_item_id, qty_per_item) VALUES (17, 1, 10);
INSERT INTO menu_item_ingredients (menu_item_id, inventory_item_id, qty_per_item) VALUES (17, 15, 20);
INSERT INTO menu_item_ingredients (menu_item_id, inventory_item_id, qty_per_item) VALUES (18, 23, 250);
INSERT INTO menu_item_ingredients (menu_item_id, inventory_item_id, qty_per_item) VALUES (18, 24, 350);
INSERT INTO menu_item_ingredients (menu_item_id, inventory_item_id, qty_per_item) VALUES (18, 5, 220);
INSERT INTO menu_item_ingredients (menu_item_id, inventory_item_id, qty_per_item) VALUES (18, 6, 15);
INSERT INTO menu_item_ingredients (menu_item_id, inventory_item_id, qty_per_item) VALUES (18, 7, 25);
INSERT INTO menu_item_ingredients (menu_item_id, inventory_item_id, qty_per_item) VALUES (18, 1, 10);
INSERT INTO menu_item_ingredients (menu_item_id, inventory_item_id, qty_per_item) VALUES (18, 19, 20);
INSERT INTO menu_item_ingredients (menu_item_id, inventory_item_id, qty_per_item) VALUES (19, 23, 250);
INSERT INTO menu_item_ingredients (menu_item_id, inventory_item_id, qty_per_item) VALUES (19, 24, 350);
INSERT INTO menu_item_ingredients (menu_item_id, inventory_item_id, qty_per_item) VALUES (19, 5, 220);
INSERT INTO menu_item_ingredients (menu_item_id, inventory_item_id, qty_per_item) VALUES (19, 6, 15);
INSERT INTO menu_item_ingredients (menu_item_id, inventory_item_id, qty_per_item) VALUES (19, 7, 25);
INSERT INTO menu_item_ingredients (menu_item_id, inventory_item_id, qty_per_item) VALUES (19, 1, 10);
INSERT INTO menu_item_ingredients (menu_item_id, inventory_item_id, qty_per_item) VALUES (19, 13, 20);
INSERT INTO menu_item_ingredients (menu_item_id, inventory_item_id, qty_per_item) VALUES (20, 23, 250);
INSERT INTO menu_item_ingredients (menu_item_id, inventory_item_id, qty_per_item) VALUES (20, 24, 350);
INSERT INTO menu_item_ingredients (menu_item_id, inventory_item_id, qty_per_item) VALUES (20, 5, 220);
INSERT INTO menu_item_ingredients (menu_item_id, inventory_item_id, qty_per_item) VALUES (20, 6, 15);
INSERT INTO menu_item_ingredients (menu_item_id, inventory_item_id, qty_per_item) VALUES (20, 7, 25);
INSERT INTO menu_item_ingredients (menu_item_id, inventory_item_id, qty_per_item) VALUES (20, 1, 10);
INSERT INTO menu_item_ingredients (menu_item_id, inventory_item_id, qty_per_item) VALUES (20, 20, 20);
INSERT INTO menu_item_ingredients (menu_item_id, inventory_item_id, qty_per_item) VALUES (20, 21, 10);
INSERT INTO menu_item_ingredients (menu_item_id, inventory_item_id, qty_per_item) VALUES (21, 23, 250);
INSERT INTO menu_item_ingredients (menu_item_id, inventory_item_id, qty_per_item) VALUES (21, 24, 350);
INSERT INTO menu_item_ingredients (menu_item_id, inventory_item_id, qty_per_item) VALUES (21, 5, 220);
INSERT INTO menu_item_ingredients (menu_item_id, inventory_item_id, qty_per_item) VALUES (21, 6, 15);
INSERT INTO menu_item_ingredients (menu_item_id, inventory_item_id, qty_per_item) VALUES (21, 7, 25);
INSERT INTO menu_item_ingredients (menu_item_id, inventory_item_id, qty_per_item) VALUES (21, 1, 10);
INSERT INTO menu_item_ingredients (menu_item_id, inventory_item_id, qty_per_item) VALUES (21, 16, 20);
INSERT INTO menu_item_ingredients (menu_item_id, inventory_item_id, qty_per_item) VALUES (22, 23, 250);
INSERT INTO menu_item_ingredients (menu_item_id, inventory_item_id, qty_per_item) VALUES (22, 24, 350);
INSERT INTO menu_item_ingredients (menu_item_id, inventory_item_id, qty_per_item) VALUES (22, 5, 220);
INSERT INTO menu_item_ingredients (menu_item_id, inventory_item_id, qty_per_item) VALUES (22, 6, 15);
INSERT INTO menu_item_ingredients (menu_item_id, inventory_item_id, qty_per_item) VALUES (22, 7, 25);
INSERT INTO menu_item_ingredients (menu_item_id, inventory_item_id, qty_per_item) VALUES (22, 3, 10);
INSERT INTO menu_item_ingredients (menu_item_id, inventory_item_id, qty_per_item) VALUES (23, 23, 250);
INSERT INTO menu_item_ingredients (menu_item_id, inventory_item_id, qty_per_item) VALUES (23, 24, 350);
INSERT INTO menu_item_ingredients (menu_item_id, inventory_item_id, qty_per_item) VALUES (23, 5, 220);
INSERT INTO menu_item_ingredients (menu_item_id, inventory_item_id, qty_per_item) VALUES (23, 6, 15);
INSERT INTO menu_item_ingredients (menu_item_id, inventory_item_id, qty_per_item) VALUES (23, 7, 25);
INSERT INTO menu_item_ingredients (menu_item_id, inventory_item_id, qty_per_item) VALUES (23, 1, 10);
INSERT INTO menu_item_ingredients (menu_item_id, inventory_item_id, qty_per_item) VALUES (23, 11, 20);
INSERT INTO menu_item_ingredients (menu_item_id, inventory_item_id, qty_per_item) VALUES (23, 12, 15);
INSERT INTO menu_item_ingredients (menu_item_id, inventory_item_id, qty_per_item) VALUES (24, 23, 250);
INSERT INTO menu_item_ingredients (menu_item_id, inventory_item_id, qty_per_item) VALUES (24, 24, 350);
INSERT INTO menu_item_ingredients (menu_item_id, inventory_item_id, qty_per_item) VALUES (24, 5, 220);
INSERT INTO menu_item_ingredients (menu_item_id, inventory_item_id, qty_per_item) VALUES (24, 6, 15);
INSERT INTO menu_item_ingredients (menu_item_id, inventory_item_id, qty_per_item) VALUES (24, 7, 25);
INSERT INTO menu_item_ingredients (menu_item_id, inventory_item_id, qty_per_item) VALUES (24, 1, 10);
INSERT INTO menu_item_ingredients (menu_item_id, inventory_item_id, qty_per_item) VALUES (24, 18, 20);
COMMIT;
